map_layout_code,max_cars,max_bikes,count_cars,throughput
1,1,0,106,106
1,1,0,107,107
1,1,0,104,104
1,1,0,106,106
1,1,0,106,106
1,3,0,278,92.66666667
1,3,0,278,92.66666667
1,3,0,273,91
1,3,0,289,96.33333333
1,3,0,281,93.66666667
1,5,0,343,68.6
1,5,0,331,66.2
1,5,0,360,72
1,5,0,329,65.8
1,5,0,328,65.6
1,7,0,324,46.28571429
1,7,0,326,46.57142857
1,7,0,338,48.28571429
1,7,0,323,46.14285714
1,7,0,310,44.28571429
1,9,0,332,36.88888889
1,9,0,348,38.66666667
1,9,0,324,36
1,9,0,320,35.55555556
1,9,0,340,37.77777778
1,11,0,334,30.36363636
1,11,0,347,31.54545455
1,11,0,341,31
1,11,0,348,31.63636364
1,11,0,313,28.45454545
1,13,0,338,26
1,13,0,320,24.61538462
1,13,0,308,23.69230769
1,13,0,326,25.07692308
1,13,0,296,22.76923077
1,1,3,81,81
1,1,3,86,86
1,1,3,79,79
1,1,3,82,82
1,1,3,86,86
1,3,3,205,68.33333333
1,3,3,197,65.66666667
1,3,3,208,69.33333333
1,3,3,202,67.33333333
1,3,3,219,73
1,5,3,265,53
1,5,3,273,54.6
1,5,3,252,50.4
1,5,3,269,53.8
1,5,3,273,54.6
1,7,3,271,38.71428571
1,7,3,275,39.28571429
1,7,3,268,38.28571429
1,7,3,259,37
1,7,3,259,37
1,9,3,291,32.33333333
1,9,3,297,33
1,9,3,301,33.44444444
1,9,3,286,31.77777778
1,9,3,275,30.55555556
1,11,3,290,26.36363636
1,11,3,267,24.27272727
1,11,3,291,26.45454545
1,11,3,272,24.72727273
1,11,3,272,24.72727273
1,13,3,282,21.69230769
1,13,3,287,22.07692308
1,13,3,269,20.69230769
1,13,3,290,22.30769231
1,13,3,284,21.84615385
1,1,6,65,65
1,1,6,70,70
1,1,6,63,63
1,1,6,74,74
1,1,6,71,71
1,3,6,176,58.66666667
1,3,6,166,55.33333333
1,3,6,157,52.33333333
1,3,6,169,56.33333333
1,3,6,165,55
1,5,6,212,42.4
1,5,6,203,40.6
1,5,6,207,41.4
1,5,6,210,42
1,5,6,217,43.4
1,7,6,240,34.28571429
1,7,6,216,30.85714286
1,7,6,234,33.42857143
1,7,6,216,30.85714286
1,7,6,215,30.71428571
1,9,6,238,26.44444444
1,9,6,245,27.22222222
1,9,6,221,24.55555556
1,9,6,222,24.66666667
1,9,6,239,26.55555556
1,11,6,237,21.54545455
1,11,6,244,22.18181818
1,11,6,232,21.09090909
1,11,6,225,20.45454545
1,11,6,234,21.27272727
1,13,6,249,19.15384615
1,13,6,239,18.38461538
1,13,6,235,18.07692308
1,13,6,257,19.76923077
1,13,6,233,17.92307692
1,1,9,54,54
1,1,9,54,54
1,1,9,56,56
1,1,9,54,54
1,1,9,58,58
1,3,9,119,39.66666667
1,3,9,131,43.66666667
1,3,9,127,42.33333333
1,3,9,133,44.33333333
1,3,9,139,46.33333333
1,5,9,173,34.6
1,5,9,182,36.4
1,5,9,186,37.2
1,5,9,177,35.4
1,5,9,162,32.4
1,7,9,195,27.85714286
1,7,9,192,27.42857143
1,7,9,198,28.28571429
1,7,9,200,28.57142857
1,7,9,171,24.42857143
1,9,9,202,22.44444444
1,9,9,202,22.44444444
1,9,9,202,22.44444444
1,9,9,203,22.55555556
1,9,9,202,22.44444444
1,11,9,191,17.36363636
1,11,9,189,17.18181818
1,11,9,205,18.63636364
1,11,9,204,18.54545455
1,11,9,209,19
1,13,9,191,14.69230769
1,13,9,191,14.69230769
1,13,9,205,15.76923077
1,13,9,197,15.15384615
1,13,9,179,13.76923077
1,1,12,48,48
1,1,12,43,43
1,1,12,40,40
1,1,12,45,45
1,1,12,42,42
1,3,12,109,36.33333333
1,3,12,97,32.33333333
1,3,12,111,37
1,3,12,102,34
1,3,12,107,35.66666667
1,5,12,138,27.6
1,5,12,135,27
1,5,12,137,27.4
1,5,12,144,28.8
1,5,12,141,28.2
1,7,12,146,20.85714286
1,7,12,147,21
1,7,12,141,20.14285714
1,7,12,151,21.57142857
1,7,12,149,21.28571429
1,9,12,137,15.22222222
1,9,12,161,17.88888889
1,9,12,141,15.66666667
1,9,12,166,18.44444444
1,9,12,185,20.55555556
1,11,12,160,14.54545455
1,11,12,159,14.45454545
1,11,12,190,17.27272727
1,11,12,164,14.90909091
1,11,12,159,14.45454545
1,13,12,158,12.15384615
1,13,12,158,12.15384615
1,13,12,161,12.38461538
1,13,12,159,12.23076923
1,13,12,160,12.30769231
1,1,15,38,38
1,1,15,33,33
1,1,15,37,37
1,1,15,35,35
1,1,15,37,37
1,3,15,85,28.33333333
1,3,15,99,33
1,3,15,93,31
1,3,15,80,26.66666667
1,3,15,92,30.66666667
1,5,15,109,21.8
1,5,15,96,19.2
1,5,15,109,21.8
1,5,15,107,21.4
1,5,15,113,22.6
1,7,15,121,17.28571429
1,7,15,129,18.42857143
1,7,15,107,15.28571429
1,7,15,133,19
1,7,15,134,19.14285714
1,9,15,127,14.11111111
1,9,15,137,15.22222222
1,9,15,122,13.55555556
1,9,15,138,15.33333333
1,9,15,114,12.66666667
1,11,15,107,9.727272727
1,11,15,122,11.09090909
1,11,15,134,12.18181818
1,11,15,144,13.09090909
1,11,15,131,11.90909091
1,13,15,128,9.846153846
1,13,15,130,10
1,13,15,138,10.61538462
1,13,15,150,11.53846154
1,13,15,128,9.846153846
1,1,0,105,105
1,1,0,105,105
1,1,0,105,105
1,1,0,106,106
1,1,0,106,106
1,1,0,106,106
1,1,0,104,104
1,1,0,106,106
1,3,0,287,95.66666667
1,3,0,280,93.33333333
1,3,0,288,96
1,3,0,261,87
1,3,0,284,94.66666667
1,3,0,286,95.33333333
1,3,0,285,95
1,3,0,281,93.66666667
1,5,0,332,66.4
1,5,0,341,68.2
1,5,0,298,59.6
1,5,0,334,66.8
1,5,0,344,68.8
1,5,0,330,66
1,5,0,322,64.4
1,5,0,318,63.6
1,7,0,335,47.85714286
1,7,0,315,45
1,7,0,325,46.42857143
1,7,0,311,44.42857143
1,7,0,341,48.71428571
1,7,0,338,48.28571429
1,7,0,337,48.14285714
1,7,0,327,46.71428571
1,9,0,335,37.22222222
1,9,0,311,34.55555556
1,9,0,341,37.88888889
1,9,0,318,35.33333333
1,9,0,352,39.11111111
1,9,0,333,37
1,9,0,353,39.22222222
1,11,0,363,33
1,9,0,317,35.22222222
1,11,0,351,31.90909091
1,11,0,324,29.45454545
1,11,0,333,30.27272727
1,11,0,329,29.90909091
1,13,0,360,27.69230769
1,11,0,320,29.09090909
1,13,0,336,25.84615385
1,11,0,332,30.18181818
1,11,0,337,30.63636364
1,13,0,356,27.38461538
1,13,0,326,25.07692308
1,13,0,329,25.30769231
1,13,0,354,27.23076923
1,13,0,306,23.53846154
1,13,0,317,24.38461538
1,1,3,86,86
1,1,3,81,81
1,1,3,84,84
1,1,3,86,86
1,1,3,83,83
1,1,3,91,91
1,1,3,82,82
1,1,3,75,75
1,3,3,205,68.33333333
1,3,3,210,70
1,3,3,205,68.33333333
1,3,3,209,69.66666667
1,3,3,215,71.66666667
1,3,3,212,70.66666667
1,3,3,211,70.33333333
1,3,3,213,71
1,5,3,255,51
1,5,3,255,51
1,5,3,266,53.2
1,5,3,271,54.2
1,5,3,265,53
1,5,3,263,52.6
1,5,3,248,49.6
1,5,3,271,54.2
1,7,3,265,37.85714286
1,7,3,282,40.28571429
1,7,3,279,39.85714286
1,7,3,263,37.57142857
1,7,3,261,37.28571429
1,7,3,257,36.71428571
1,7,3,287,41
1,7,3,276,39.42857143
1,9,3,265,29.44444444
1,9,3,277,30.77777778
1,9,3,273,30.33333333
1,9,3,263,29.22222222
1,9,3,287,31.88888889
1,9,3,277,30.77777778
1,9,3,298,33.11111111
1,9,3,283,31.44444444
1,11,3,284,25.81818182
1,11,3,268,24.36363636
1,11,3,291,26.45454545
1,11,3,289,26.27272727
1,11,3,302,27.45454545
1,11,3,267,24.27272727
1,11,3,286,26
1,11,3,281,25.54545455
1,13,3,264,20.30769231
1,13,3,283,21.76923077
1,13,3,292,22.46153846
1,13,3,253,19.46153846
1,13,3,285,21.92307692
1,13,3,264,20.30769231
1,13,3,289,22.23076923
1,13,3,281,21.61538462
1,1,6,68,68
1,1,6,67,67
1,1,6,69,69
1,1,6,73,73
1,1,6,63,63
1,1,6,68,68
1,1,6,67,67
1,1,6,72,72
1,3,6,175,58.33333333
1,3,6,167,55.66666667
1,3,6,174,58
1,3,6,157,52.33333333
1,3,6,167,55.66666667
1,3,6,163,54.33333333
1,3,6,155,51.66666667
1,3,6,168,56
1,5,6,208,41.6
1,5,6,211,42.2
1,5,6,204,40.8
1,5,6,218,43.6
1,5,6,209,41.8
1,5,6,210,42
1,5,6,212,42.4
1,5,6,193,38.6
1,7,6,225,32.14285714
1,7,6,237,33.85714286
1,7,6,222,31.71428571
1,7,6,238,34
1,7,6,223,31.85714286
1,7,6,214,30.57142857
1,7,6,233,33.28571429
1,7,6,241,34.42857143
1,9,6,231,25.66666667
1,9,6,224,24.88888889
1,9,6,219,24.33333333
1,9,6,229,25.44444444
1,9,6,237,26.33333333
1,9,6,233,25.88888889
1,9,6,234,26
1,9,6,233,25.88888889
1,11,6,229,20.81818182
1,11,6,249,22.63636364
1,11,6,237,21.54545455
1,11,6,241,21.90909091
1,11,6,230,20.90909091
1,11,6,230,20.90909091
1,11,6,214,19.45454545
1,11,6,241,21.90909091
1,13,6,230,17.69230769
1,13,6,228,17.53846154
1,13,6,221,17
1,13,6,230,17.69230769
1,13,6,236,18.15384615
1,13,6,240,18.46153846
1,13,6,233,17.92307692
1,13,6,222,17.07692308
1,1,9,58,58
1,1,9,52,52
1,1,9,62,62
1,1,9,51,51
1,1,9,54,54
1,1,9,61,61
1,1,9,57,57
1,1,9,52,52
1,3,9,134,44.66666667
1,3,9,132,44
1,3,9,121,40.33333333
1,3,9,136,45.33333333
1,3,9,136,45.33333333
1,3,9,134,44.66666667
1,3,9,122,40.66666667
1,3,9,131,43.66666667
1,5,9,151,30.2
1,5,9,176,35.2
1,5,9,171,34.2
1,5,9,178,35.6
1,5,9,163,32.6
1,5,9,175,35
1,5,9,167,33.4
1,5,9,168,33.6
1,7,9,182,26
1,7,9,188,26.85714286
1,7,9,183,26.14285714
1,7,9,193,27.57142857
1,7,9,197,28.14285714
1,7,9,177,25.28571429
1,7,9,182,26
1,7,9,178,25.42857143
1,9,9,184,20.44444444
1,9,9,189,21
1,9,9,200,22.22222222
1,9,9,179,19.88888889
1,9,9,201,22.33333333
1,9,9,199,22.11111111
1,9,9,211,23.44444444
1,9,9,196,21.77777778
1,11,9,191,17.36363636
1,11,9,202,18.36363636
1,11,9,203,18.45454545
1,11,9,194,17.63636364
1,11,9,184,16.72727273
1,11,9,198,18
1,11,9,188,17.09090909
1,11,9,188,17.09090909
1,13,9,190,14.61538462
1,13,9,187,14.38461538
1,13,9,198,15.23076923
1,13,9,204,15.69230769
1,13,9,198,15.23076923
1,13,9,199,15.30769231
1,13,9,200,15.38461538
1,13,9,208,16
1,1,12,41,41
1,1,12,41,41
1,1,12,42,42
1,1,12,48,48
1,1,12,43,43
1,1,12,42,42
1,1,12,43,43
1,1,12,41,41
1,3,12,111,37
1,3,12,100,33.33333333
1,3,12,98,32.66666667
1,3,12,118,39.33333333
1,3,12,106,35.33333333
1,3,12,111,37
1,3,12,106,35.33333333
1,3,12,98,32.66666667
1,5,12,134,26.8
1,5,12,142,28.4
1,5,12,130,26
1,5,12,147,29.4
1,5,12,136,27.2
1,5,12,142,28.4
1,5,12,142,28.4
1,5,12,125,25
1,7,12,156,22.28571429
1,7,12,153,21.85714286
1,7,12,153,21.85714286
1,7,12,161,23
1,7,12,153,21.85714286
1,7,12,154,22
1,7,12,155,22.14285714
1,7,12,151,21.57142857
1,9,12,166,18.44444444
1,9,12,172,19.11111111
1,9,12,169,18.77777778
1,9,12,167,18.55555556
1,9,12,174,19.33333333
1,9,12,163,18.11111111
1,9,12,163,18.11111111
1,9,12,173,19.22222222
1,11,12,160,14.54545455
1,11,12,169,15.36363636
1,11,12,151,13.72727273
1,11,12,164,14.90909091
1,11,12,151,13.72727273
1,11,12,154,14
1,11,12,176,16
1,11,12,169,15.36363636
1,13,12,170,13.07692308
1,13,12,159,12.23076923
1,13,12,155,11.92307692
1,13,12,164,12.61538462
1,13,12,150,11.53846154
1,13,12,160,12.30769231
1,13,12,160,12.30769231
1,13,12,158,12.15384615
1,1,15,38,38
1,1,15,33,33
1,1,15,36,36
1,1,15,32,32
1,1,15,32,32
1,1,15,31,31
1,1,15,36,36
1,1,15,39,39
1,3,15,88,29.33333333
1,3,15,82,27.33333333
1,3,15,86,28.66666667
1,3,15,78,26
1,3,15,81,27
1,3,15,86,28.66666667
1,3,15,84,28
1,3,15,86,28.66666667
1,5,15,124,24.8
1,5,15,122,24.4
1,5,15,108,21.6
1,5,15,117,23.4
1,5,15,109,21.8
1,5,15,108,21.6
1,5,15,106,21.2
1,5,15,93,18.6
1,7,15,116,16.57142857
1,7,15,109,15.57142857
1,7,15,125,17.85714286
1,7,15,118,16.85714286
1,7,15,131,18.71428571
1,7,15,127,18.14285714
1,7,15,110,15.71428571
1,7,15,128,18.28571429
1,9,15,121,13.44444444
1,9,15,128,14.22222222
1,9,15,121,13.44444444
1,9,15,102,11.33333333
1,9,15,140,15.55555556
1,9,15,131,14.55555556
1,9,15,140,15.55555556
1,9,15,110,12.22222222
1,11,15,120,10.90909091
1,11,15,139,12.63636364
1,11,15,133,12.09090909
1,11,15,137,12.45454545
1,11,15,124,11.27272727
1,11,15,121,11
1,11,15,134,12.18181818
1,11,15,123,11.18181818
1,13,15,142,10.92307692
1,13,15,136,10.46153846
1,13,15,123,9.461538462
1,13,15,125,9.615384615
1,13,15,129,9.923076923
1,13,15,121,9.307692308
1,13,15,127,9.769230769
1,13,15,124,9.538461538
1,1,0,106,106
1,1,3,84,84
1,1,6,67,67
1,1,9,53,53
1,1,12,40,40
1,3,0,284,94.66666667
1,3,3,204,68
1,1,15,35,35
1,3,6,158,52.66666667
1,3,9,128,42.66666667
1,3,12,106,35.33333333
1,5,0,345,69
1,3,15,83,27.66666667
1,5,3,254,50.8
1,5,6,214,42.8
1,5,9,174,34.8
1,5,12,142,28.4
1,5,15,110,22
1,7,0,326,46.57142857
1,7,3,266,38
1,7,6,226,32.28571429
1,7,9,190,27.14285714
1,7,12,135,19.28571429
1,7,15,120,17.14285714
1,9,0,337,37.44444444
1,9,3,282,31.33333333
1,9,6,231,25.66666667
1,9,9,172,19.11111111
1,9,12,154,17.11111111
1,9,15,118,13.11111111
1,11,3,306,27.81818182
1,11,0,307,27.90909091
1,11,6,240,21.81818182
1,11,9,201,18.27272727
1,11,12,163,14.81818182
1,11,15,152,13.81818182
1,13,0,346,26.61538462
1,13,3,298,22.92307692
1,13,6,240,18.46153846
1,13,9,215,16.53846154
1,13,12,165,12.69230769
1,13,15,120,9.230769231
1,1,0,106,106
1,1,3,83,83
1,1,6,67,67
1,1,9,49,49
1,1,12,50,50
1,1,15,33,33
1,3,0,273,91
1,3,3,213,71
1,3,6,171,57
1,3,9,132,44
1,3,12,105,35
1,3,15,86,28.66666667
1,5,0,336,67.2
1,5,3,250,50
1,5,6,206,41.2
1,5,9,171,34.2
1,5,12,146,29.2
1,5,15,106,21.2
1,7,0,320,45.71428571
1,7,3,279,39.85714286
1,7,6,212,30.28571429
1,7,9,194,27.71428571
1,7,12,170,24.28571429
1,7,15,112,16
1,9,0,321,35.66666667
1,9,3,282,31.33333333
1,9,6,245,27.22222222
1,9,9,202,22.44444444
1,9,12,147,16.33333333
1,9,15,132,14.66666667
1,11,0,324,29.45454545
1,11,3,265,24.09090909
1,11,6,243,22.09090909
1,11,9,205,18.63636364
1,11,12,170,15.45454545
1,11,15,123,11.18181818
1,13,0,311,23.92307692
1,13,3,296,22.76923077
1,13,6,233,17.92307692
1,13,9,227,17.46153846
1,13,12,137,10.53846154
1,13,15,141,10.84615385
1,1,0,105,105
1,1,3,82,82
1,1,6,70,70
1,1,9,59,59
1,1,12,41,41
1,1,15,35,35
1,3,0,280,93.33333333
1,3,3,207,69
1,3,6,155,51.66666667
1,3,9,124,41.33333333
1,3,12,105,35
1,3,15,84,28
1,5,0,329,65.8
1,5,3,272,54.4
1,5,6,227,45.4
1,5,9,184,36.8
1,5,12,142,28.4
1,5,15,109,21.8
1,7,0,324,46.28571429
1,7,3,284,40.57142857
1,7,6,240,34.28571429
1,7,9,192,27.42857143
1,7,12,148,21.14285714
1,7,15,125,17.85714286
1,9,0,322,35.77777778
1,9,3,269,29.88888889
1,9,6,226,25.11111111
1,9,9,190,21.11111111
1,9,12,171,19
1,9,15,123,13.66666667
1,11,0,328,29.81818182
1,11,3,293,26.63636364
1,11,6,234,21.27272727
1,11,9,192,17.45454545
1,11,12,157,14.27272727
1,11,15,124,11.27272727
1,13,0,324,24.92307692
1,13,3,277,21.30769231
1,13,6,244,18.76923077
1,13,9,199,15.30769231
1,13,12,169,13
1,13,15,130,10
1,1,0,106,106
1,1,3,85,85
1,1,6,65,65
1,1,9,58,58
1,1,12,45,45
1,1,15,34,34
1,3,0,276,92
1,3,3,218,72.66666667
1,3,6,167,55.66666667
1,3,9,141,47
1,3,12,109,36.33333333
1,3,15,83,27.66666667
1,5,0,312,62.4
1,5,3,275,55
1,5,6,215,43
1,5,9,175,35
1,5,12,114,22.8
1,5,15,105,21
1,7,0,328,46.85714286
1,7,3,279,39.85714286
1,7,6,239,34.14285714
1,7,9,201,28.71428571
1,7,12,144,20.57142857
1,7,15,125,17.85714286
1,9,0,331,36.77777778
1,9,3,283,31.44444444
1,9,6,233,25.88888889
1,9,9,186,20.66666667
1,9,12,166,18.44444444
1,9,15,141,15.66666667
1,11,0,344,31.27272727
1,11,3,287,26.09090909
1,11,6,245,22.27272727
1,11,9,190,17.27272727
1,11,12,165,15
1,11,15,126,11.45454545
1,13,0,332,25.53846154
1,13,3,281,21.61538462
1,13,6,229,17.61538462
1,13,9,196,15.07692308
1,13,12,155,11.92307692
1,13,15,122,9.384615385
1,1,0,104,104
1,1,3,88,88
1,1,6,65,65
1,1,9,52,52
1,1,12,43,43
1,1,15,33,33
1,3,0,286,95.33333333
1,3,3,205,68.33333333
1,3,6,165,55
1,3,9,128,42.66666667
1,3,12,99,33
1,3,15,83,27.66666667
1,5,0,329,65.8
1,5,3,260,52
1,5,6,228,45.6
1,5,9,161,32.2
1,5,12,136,27.2
1,5,15,115,23
1,7,0,342,48.85714286
1,7,3,288,41.14285714
1,7,6,226,32.28571429
1,7,9,184,26.28571429
1,7,12,150,21.42857143
1,7,15,119,17
1,9,0,330,36.66666667
1,9,3,274,30.44444444
1,9,6,248,27.55555556
1,9,9,187,20.77777778
1,9,12,172,19.11111111
1,9,15,139,15.44444444
1,11,0,325,29.54545455
1,11,3,285,25.90909091
1,11,6,230,20.90909091
1,11,9,203,18.45454545
1,11,12,167,15.18181818
1,11,15,123,11.18181818
1,13,0,333,25.61538462
1,13,3,290,22.30769231
1,13,6,240,18.46153846
1,13,12,184,14.15384615
1,13,9,185,14.23076923
1,13,15,124,9.538461538
2,1,0,106,106
2,1,0,105,105
2,1,0,107,107
2,1,0,104,104
2,1,0,105,105
2,3,0,283,94.33333333
2,3,0,289,96.33333333
2,3,0,288,96
2,3,0,292,97.33333333
2,3,0,291,97
2,5,0,345,69
2,5,0,354,70.8
2,5,0,333,66.6
2,5,0,317,63.4
2,5,0,318,63.6
2,7,0,299,42.71428571
2,7,0,311,44.42857143
2,7,0,334,47.71428571
2,7,0,320,45.71428571
2,7,0,298,42.57142857
2,9,0,318,35.33333333
2,9,0,325,36.11111111
2,9,0,301,33.44444444
2,9,0,303,33.66666667
2,9,0,310,34.44444444
2,11,0,295,26.81818182
2,11,0,332,30.18181818
2,11,0,298,27.09090909
2,11,0,317,28.81818182
2,13,0,317,24.38461538
2,11,0,306,27.81818182
2,13,0,322,24.76923077
2,13,0,302,23.23076923
2,13,0,304,23.38461538
2,13,0,300,23.07692308
2,1,3,91,91
2,1,3,89,89
2,1,3,87,87
2,1,3,91,91
2,1,3,91,91
2,3,3,208,69.33333333
2,3,3,214,71.33333333
2,3,3,204,68
2,3,3,213,71
2,3,3,216,72
2,5,3,251,50.2
2,5,3,256,51.2
2,5,3,231,46.2
2,5,3,240,48
2,5,3,240,48
2,7,3,238,34
2,7,3,246,35.14285714
2,7,3,229,32.71428571
2,7,3,252,36
2,7,3,241,34.42857143
2,9,3,259,28.77777778
2,9,3,229,25.44444444
2,9,3,236,26.22222222
2,9,3,239,26.55555556
2,9,3,251,27.88888889
2,11,3,252,22.90909091
2,11,3,242,22
2,11,3,245,22.27272727
2,11,3,247,22.45454545
2,11,3,248,22.54545455
2,13,3,240,18.46153846
2,13,3,248,19.07692308
2,13,3,241,18.53846154
2,13,3,239,18.38461538
2,13,3,232,17.84615385
2,1,6,73,73
2,1,6,75,75
2,1,6,78,78
2,1,6,72,72
2,1,6,76,76
2,3,6,182,60.66666667
2,3,6,167,55.66666667
2,3,6,161,53.66666667
2,3,6,161,53.66666667
2,3,6,171,57
2,5,6,181,36.2
2,5,6,166,33.2
2,5,6,179,35.8
2,5,6,181,36.2
2,5,6,196,39.2
2,7,6,197,28.14285714
2,7,6,199,28.42857143
2,7,6,181,25.85714286
2,7,6,195,27.85714286
2,7,6,188,26.85714286
2,9,6,202,22.44444444
2,9,6,195,21.66666667
2,9,6,190,21.11111111
2,9,6,193,21.44444444
2,9,6,201,22.33333333
2,11,6,185,16.81818182
2,11,6,186,16.90909091
2,11,6,198,18
2,11,6,180,16.36363636
2,11,6,181,16.45454545
2,13,6,180,13.84615385
2,13,6,191,14.69230769
2,13,6,205,15.76923077
2,13,6,197,15.15384615
2,13,6,206,15.84615385
2,1,9,61,61
2,1,9,63,63
2,1,9,71,71
2,1,9,60,60
2,1,9,62,62
2,3,9,126,42
2,3,9,117,39
2,3,9,113,37.66666667
2,3,9,129,43
2,3,9,124,41.33333333
2,5,9,149,29.8
2,5,9,138,27.6
2,5,9,134,26.8
2,5,9,142,28.4
2,5,9,124,24.8
2,7,9,144,20.57142857
2,7,9,154,22
2,7,9,145,20.71428571
2,7,9,176,25.14285714
2,7,9,156,22.28571429
2,9,9,153,17
2,9,9,160,17.77777778
2,9,9,144,16
2,9,9,164,18.22222222
2,9,9,140,15.55555556
2,11,9,168,15.27272727
2,11,9,137,12.45454545
2,11,9,161,14.63636364
2,11,9,141,12.81818182
2,11,9,158,14.36363636
2,13,9,159,12.23076923
2,13,9,138,10.61538462
2,13,9,159,12.23076923
2,13,9,154,11.84615385
2,13,9,153,11.76923077
2,1,12,43,43
2,1,12,52,52
2,1,12,50,50
2,1,12,49,49
2,1,12,45,45
2,3,12,117,39
2,3,12,106,35.33333333
2,3,12,100,33.33333333
2,3,12,98,32.66666667
2,3,12,101,33.66666667
2,5,12,108,21.6
2,5,12,106,21.2
2,5,12,106,21.2
2,5,12,110,22
2,5,12,109,21.8
2,7,12,105,15
2,7,12,109,15.57142857
2,7,12,101,14.42857143
2,7,12,107,15.28571429
2,7,12,108,15.42857143
2,9,12,118,13.11111111
2,9,12,104,11.55555556
2,9,12,117,13
2,9,12,113,12.55555556
2,9,12,104,11.55555556
2,11,12,125,11.36363636
2,11,12,98,8.909090909
2,11,12,116,10.54545455
2,11,12,114,10.36363636
2,11,12,110,10
2,13,12,118,9.076923077
2,13,12,109,8.384615385
2,13,12,117,9
2,13,12,109,8.384615385
2,13,12,104,8
2,1,15,40,40
2,1,15,34,34
2,1,15,45,45
2,1,15,38,38
2,1,15,37,37
2,3,15,84,28
2,3,15,71,23.66666667
2,3,15,77,25.66666667
2,3,15,72,24
2,3,15,87,29
2,5,15,86,17.2
2,5,15,76,15.2
2,5,15,79,15.8
2,5,15,91,18.2
2,5,15,71,14.2
2,7,15,78,11.14285714
2,7,15,86,12.28571429
2,7,15,92,13.14285714
2,7,15,83,11.85714286
2,7,15,73,10.42857143
2,9,15,82,9.111111111
2,9,15,92,10.22222222
2,9,15,88,9.777777778
2,9,15,85,9.444444444
2,9,15,85,9.444444444
2,11,15,81,7.363636364
2,11,15,90,8.181818182
2,11,15,74,6.727272727
2,11,15,73,6.636363636
2,11,15,79,7.181818182
2,13,15,98,7.538461538
2,13,15,93,7.153846154
2,13,15,81,6.230769231
2,13,15,90,6.923076923
2,13,15,95,7.307692308
2,1,0,105,105
2,1,0,106,106
2,1,0,105,105
2,1,0,105,105
2,1,0,107,107
2,1,0,106,106
2,1,0,106,106
2,1,0,107,107
2,3,0,287,95.66666667
2,3,0,286,95.33333333
2,3,0,287,95.66666667
2,3,0,288,96
2,3,0,288,96
2,3,0,289,96.33333333
2,3,0,286,95.33333333
2,3,0,290,96.66666667
2,5,0,342,68.4
2,5,0,339,67.8
2,5,0,322,64.4
2,5,0,312,62.4
2,5,0,311,62.2
2,5,0,342,68.4
2,5,0,326,65.2
2,5,0,312,62.4
2,7,0,319,45.57142857
2,7,0,317,45.28571429
2,7,0,310,44.28571429
2,7,0,328,46.85714286
2,7,0,334,47.71428571
2,7,0,322,46
2,7,0,310,44.28571429
2,7,0,310,44.28571429
2,9,0,318,35.33333333
2,9,0,307,34.11111111
2,9,0,319,35.44444444
2,9,0,318,35.33333333
2,9,0,318,35.33333333
2,9,0,316,35.11111111
2,9,0,317,35.22222222
2,9,0,315,35
2,11,0,332,30.18181818
2,11,0,332,30.18181818
2,11,0,316,28.72727273
2,11,0,306,27.81818182
2,11,0,319,29
2,11,0,310,28.18181818
2,11,0,311,28.27272727
2,11,0,309,28.09090909
2,13,0,347,26.69230769
2,13,0,314,24.15384615
2,13,0,309,23.76923077
2,13,0,324,24.92307692
2,13,0,313,24.07692308
2,13,0,322,24.76923077
2,13,0,302,23.23076923
2,13,0,307,23.61538462
2,1,3,89,89
2,1,3,86,86
2,1,3,91,91
2,1,3,91,91
2,1,3,85,85
2,1,3,85,85
2,1,3,89,89
2,1,3,90,90
2,3,3,213,71
2,3,3,210,70
2,3,3,218,72.66666667
2,3,3,220,73.33333333
2,3,3,212,70.66666667
2,3,3,219,73
2,3,3,199,66.33333333
2,3,3,202,67.33333333
2,5,3,235,47
2,5,3,248,49.6
2,5,3,232,46.4
2,5,3,246,49.2
2,5,3,229,45.8
2,5,3,246,49.2
2,5,3,224,44.8
2,5,3,223,44.6
2,7,3,243,34.71428571
2,7,3,276,39.42857143
2,7,3,237,33.85714286
2,7,3,251,35.85714286
2,7,3,247,35.28571429
2,7,3,219,31.28571429
2,7,3,242,34.57142857
2,7,3,235,33.57142857
2,9,3,261,29
2,9,3,240,26.66666667
2,9,3,250,27.77777778
2,9,3,239,26.55555556
2,9,3,242,26.88888889
2,9,3,239,26.55555556
2,9,3,236,26.22222222
2,9,3,241,26.77777778
2,11,3,255,23.18181818
2,11,3,250,22.72727273
2,11,3,228,20.72727273
2,11,3,240,21.81818182
2,11,3,244,22.18181818
2,11,3,257,23.36363636
2,11,3,241,21.90909091
2,11,3,241,21.90909091
2,13,3,250,19.23076923
2,13,3,251,19.30769231
2,13,3,240,18.46153846
2,13,3,245,18.84615385
2,13,3,247,19
2,13,3,250,19.23076923
2,13,3,254,19.53846154
2,13,3,251,19.30769231
2,1,6,76,76
2,1,6,77,77
2,1,6,79,79
2,1,6,75,75
2,1,6,76,76
2,1,6,73,73
2,1,6,74,74
2,1,6,73,73
2,3,6,161,53.66666667
2,3,6,173,57.66666667
2,3,6,163,54.33333333
2,3,6,154,51.33333333
2,3,6,162,54
2,3,6,176,58.66666667
2,3,6,153,51
2,3,6,158,52.66666667
2,5,6,171,34.2
2,5,6,185,37
2,5,6,185,37
2,5,6,189,37.8
2,5,6,186,37.2
2,5,6,187,37.4
2,5,6,194,38.8
2,5,6,181,36.2
2,7,6,184,26.28571429
2,7,6,176,25.14285714
2,7,6,186,26.57142857
2,7,6,190,27.14285714
2,7,6,181,25.85714286
2,7,6,185,26.42857143
2,7,6,174,24.85714286
2,7,6,192,27.42857143
2,9,6,191,21.22222222
2,9,6,174,19.33333333
2,9,6,189,21
2,9,6,195,21.66666667
2,9,6,193,21.44444444
2,9,6,192,21.33333333
2,9,6,188,20.88888889
2,9,6,189,21
2,11,6,215,19.54545455
2,11,6,189,17.18181818
2,11,6,205,18.63636364
2,11,6,186,16.90909091
2,11,6,189,17.18181818
2,11,6,216,19.63636364
2,11,6,192,17.45454545
2,11,6,175,15.90909091
2,13,6,188,14.46153846
2,13,6,194,14.92307692
2,13,6,209,16.07692308
2,13,6,191,14.69230769
2,13,6,183,14.07692308
2,13,6,190,14.61538462
2,13,6,171,13.15384615
2,13,6,212,16.30769231
2,1,9,60,60
2,1,9,60,60
2,1,9,62,62
2,1,9,58,58
2,1,9,67,67
2,1,9,59,59
2,1,9,67,67
2,1,9,62,62
2,3,9,129,43
2,3,9,122,40.66666667
2,3,9,130,43.33333333
2,3,9,123,41
2,3,9,122,40.66666667
2,3,9,132,44
2,3,9,138,46
2,3,9,136,45.33333333
2,5,9,145,29
2,5,9,132,26.4
2,5,9,140,28
2,5,9,131,26.2
2,5,9,156,31.2
2,5,9,142,28.4
2,5,9,139,27.8
2,5,9,132,26.4
2,7,9,158,22.57142857
2,7,9,146,20.85714286
2,7,9,147,21
2,7,9,150,21.42857143
2,7,9,143,20.42857143
2,7,9,146,20.85714286
2,7,9,152,21.71428571
2,7,9,143,20.42857143
2,9,9,160,17.77777778
2,9,9,167,18.55555556
2,9,9,131,14.55555556
2,9,9,140,15.55555556
2,9,9,139,15.44444444
2,9,9,152,16.88888889
2,9,9,149,16.55555556
2,9,9,144,16
2,11,9,155,14.09090909
2,11,9,155,14.09090909
2,11,9,142,12.90909091
2,11,9,140,12.72727273
2,11,9,131,11.90909091
2,11,9,152,13.81818182
2,11,9,156,14.18181818
2,11,9,171,15.54545455
2,13,9,150,11.53846154
2,13,9,138,10.61538462
2,13,9,146,11.23076923
2,13,9,147,11.30769231
2,13,9,167,12.84615385
2,13,9,142,10.92307692
2,13,9,151,11.61538462
2,13,9,150,11.53846154
2,1,12,45,45
2,1,12,47,47
2,1,12,51,51
2,1,12,50,50
2,1,12,51,51
2,1,12,55,55
2,1,12,48,48
2,1,12,44,44
2,3,12,97,32.33333333
2,3,12,103,34.33333333
2,3,12,81,27
2,3,12,107,35.66666667
2,3,12,94,31.33333333
2,3,12,96,32
2,3,12,91,30.33333333
2,3,12,91,30.33333333
2,5,12,101,20.2
2,5,12,103,20.6
2,5,12,104,20.8
2,5,12,104,20.8
2,5,12,108,21.6
2,5,12,107,21.4
2,5,12,104,20.8
2,5,12,111,22.2
2,7,12,109,15.57142857
2,7,12,95,13.57142857
2,7,12,128,18.28571429
2,7,12,116,16.57142857
2,7,12,110,15.71428571
2,7,12,102,14.57142857
2,7,12,119,17
2,7,12,108,15.42857143
2,9,12,116,12.88888889
2,9,12,118,13.11111111
2,9,12,95,10.55555556
2,9,12,113,12.55555556
2,9,12,111,12.33333333
2,9,12,105,11.66666667
2,9,12,127,14.11111111
2,9,12,113,12.55555556
2,11,12,113,10.27272727
2,11,12,112,10.18181818
2,11,12,111,10.09090909
2,11,12,123,11.18181818
2,11,12,108,9.818181818
2,11,12,104,9.454545455
2,11,12,122,11.09090909
2,11,12,127,11.54545455
2,13,12,114,8.769230769
2,13,12,103,7.923076923
2,13,12,123,9.461538462
2,13,12,112,8.615384615
2,13,12,114,8.769230769
2,13,12,100,7.692307692
2,13,12,118,9.076923077
2,13,12,132,10.15384615
2,1,15,38,38
2,1,15,33,33
2,1,15,39,39
2,1,15,42,42
2,1,15,40,40
2,1,15,42,42
2,1,15,40,40
2,1,15,40,40
2,3,15,74,24.66666667
2,3,15,73,24.33333333
2,3,15,69,23
2,3,15,66,22
2,3,15,80,26.66666667
2,3,15,73,24.33333333
2,3,15,79,26.33333333
2,3,15,70,23.33333333
2,5,15,91,18.2
2,5,15,79,15.8
2,5,15,85,17
2,5,15,88,17.6
2,5,15,85,17
2,5,15,97,19.4
2,5,15,89,17.8
2,5,15,78,15.6
2,7,15,77,11
2,7,15,85,12.14285714
2,7,15,97,13.85714286
2,7,15,83,11.85714286
2,7,15,69,9.857142857
2,7,15,95,13.57142857
2,7,15,79,11.28571429
2,7,15,80,11.42857143
2,9,15,89,9.888888889
2,9,15,89,9.888888889
2,9,15,93,10.33333333
2,9,15,76,8.444444444
2,9,15,78,8.666666667
2,9,15,85,9.444444444
2,9,15,94,10.44444444
2,9,15,90,10
2,11,15,84,7.636363636
2,11,15,78,7.090909091
2,11,15,105,9.545454545
2,11,15,92,8.363636364
2,11,15,89,8.090909091
2,11,15,89,8.090909091
2,11,15,76,6.909090909
2,11,15,83,7.545454545
2,13,15,79,6.076923077
2,13,15,109,8.384615385
2,13,15,101,7.769230769
2,13,15,90,6.923076923
2,13,15,82,6.307692308
2,13,15,82,6.307692308
2,13,15,91,7
2,13,15,83,6.384615385
2,1,0,106,106
2,1,3,85,85
2,1,6,80,80
2,1,9,66,66
2,1,12,51,51
2,1,15,40,40
2,3,0,285,95
2,3,3,201,67
2,3,6,158,52.66666667
2,3,9,134,44.66666667
2,3,12,99,33
2,3,15,75,25
2,5,0,339,67.8
2,5,3,230,46
2,5,6,175,35
2,5,9,147,29.4
2,5,12,106,21.2
2,5,15,93,18.6
2,7,0,323,46.14285714
2,7,3,222,31.71428571
2,7,6,173,24.71428571
2,7,9,138,19.71428571
2,7,12,104,14.85714286
2,7,15,86,12.28571429
2,9,0,292,32.44444444
2,9,3,247,27.44444444
2,9,6,204,22.66666667
2,9,9,130,14.44444444
2,9,12,114,12.66666667
2,9,15,82,9.111111111
2,11,0,313,28.45454545
2,11,3,234,21.27272727
2,11,6,216,19.63636364
2,11,9,164,14.90909091
2,11,12,118,10.72727273
2,11,15,86,7.818181818
2,13,0,325,25
2,13,3,254,19.53846154
2,13,6,195,15
2,13,9,164,12.61538462
2,1,0,105,105
2,1,3,93,93
2,1,6,69,69
2,13,12,111,8.538461538
2,1,9,55,55
2,1,12,50,50
2,1,15,38,38
2,13,15,104,8
2,3,0,287,95.66666667
2,3,3,220,73.33333333
2,3,6,152,50.66666667
2,3,9,133,44.33333333
2,3,12,97,32.33333333
2,3,15,77,25.66666667
2,5,0,322,64.4
2,5,3,230,46
2,5,6,175,35
2,5,9,133,26.6
2,5,12,107,21.4
2,5,15,67,13.4
2,7,0,293,41.85714286
2,7,3,229,32.71428571
2,7,6,206,29.42857143
2,7,9,154,22
2,7,12,101,14.42857143
2,7,15,91,13
2,9,0,287,31.88888889
2,9,3,242,26.88888889
2,9,6,161,17.88888889
2,9,9,154,17.11111111
2,9,12,118,13.11111111
2,9,15,88,9.777777778
2,11,0,302,27.45454545
2,11,3,242,22
2,11,6,189,17.18181818
2,11,9,143,13
2,11,12,116,10.54545455
2,11,15,95,8.636363636
2,13,0,325,25
2,13,3,244,18.76923077
2,13,6,194,14.92307692
2,13,9,168,12.92307692
2,1,0,105,105
2,1,3,87,87
2,13,12,127,9.769230769
2,1,6,68,68
2,1,9,62,62
2,1,12,48,48
2,1,15,42,42
2,13,15,93,7.153846154
2,3,0,281,93.66666667
2,3,3,214,71.33333333
2,3,6,160,53.33333333
2,3,9,120,40
2,3,12,115,38.33333333
2,3,15,70,23.33333333
2,5,0,328,65.6
2,5,3,251,50.2
2,5,6,197,39.4
2,5,9,137,27.4
2,5,12,109,21.8
2,5,15,77,15.4
2,7,0,319,45.57142857
2,7,3,218,31.14285714
2,7,6,168,24
2,7,9,148,21.14285714
2,7,12,114,16.28571429
2,7,15,88,12.57142857
2,9,0,310,34.44444444
2,9,3,233,25.88888889
2,9,6,178,19.77777778
2,9,9,131,14.55555556
2,9,12,107,11.88888889
2,9,15,98,10.88888889
2,11,0,311,28.27272727
2,11,3,255,23.18181818
2,11,6,201,18.27272727
2,11,9,153,13.90909091
2,11,15,86,7.818181818
2,11,12,122,11.09090909
2,13,0,302,23.23076923
2,13,3,250,19.23076923
2,13,6,213,16.38461538
2,1,0,107,107
2,1,3,90,90
2,1,6,75,75
2,13,9,144,11.07692308
2,1,9,58,58
2,1,12,49,49
2,13,12,117,9
2,1,15,37,37
2,13,15,97,7.461538462
2,3,0,287,95.66666667
2,3,3,207,69
2,3,6,175,58.33333333
2,3,9,120,40
2,3,12,97,32.33333333
2,3,15,77,25.66666667
2,5,0,322,64.4
2,5,3,247,49.4
2,5,6,168,33.6
2,5,9,139,27.8
2,5,12,118,23.6
2,5,15,101,20.2
2,7,0,336,48
2,7,3,243,34.71428571
2,7,6,184,26.28571429
2,7,9,145,20.71428571
2,7,12,113,16.14285714
2,7,15,81,11.57142857
2,9,0,313,34.77777778
2,9,3,238,26.44444444
2,9,6,186,20.66666667
2,9,9,155,17.22222222
2,9,12,114,12.66666667
2,9,15,68,7.555555556
2,11,0,325,29.54545455
2,11,3,261,23.72727273
2,11,6,195,17.72727273
2,11,9,166,15.09090909
2,11,12,120,10.90909091
2,11,15,93,8.454545455
2,13,0,316,24.30769231
2,13,3,243,18.69230769
2,13,6,207,15.92307692
2,1,0,106,106
2,1,3,92,92
2,1,6,67,67
2,1,9,59,59
2,13,9,154,11.84615385
2,1,12,51,51
2,1,15,44,44
2,13,12,129,9.923076923
2,3,0,290,96.66666667
2,3,3,206,68.66666667
2,3,6,171,57
2,13,15,78,6
2,3,9,134,44.66666667
2,3,12,98,32.66666667
2,3,15,85,28.33333333
2,5,0,332,66.4
2,5,3,237,47.4
2,5,6,189,37.8
2,5,9,133,26.6
2,5,12,89,17.8
2,5,15,66,13.2
2,7,0,299,42.71428571
2,7,3,240,34.28571429
2,7,6,170,24.28571429
2,7,9,151,21.57142857
2,7,12,107,15.28571429
2,7,15,82,11.71428571
2,9,0,327,36.33333333
2,9,3,213,23.66666667
2,9,6,187,20.77777778
2,9,9,148,16.44444444
2,9,12,116,12.88888889
2,9,15,89,9.888888889
2,11,0,299,27.18181818
2,11,3,246,22.36363636
2,11,6,206,18.72727273
2,11,9,155,14.09090909
2,11,12,132,12
2,11,15,81,7.363636364
2,13,0,316,24.30769231
2,13,3,232,17.84615385
2,13,6,189,14.53846154
2,13,9,159,12.23076923
2,13,12,106,8.153846154
2,13,15,95,7.307692308
3,1,0,97,97
3,1,0,96,96
3,1,0,95,95
3,1,0,95,95
3,1,0,94,94
3,3,0,255,85
3,3,0,257,85.66666667
3,3,0,260,86.66666667
3,3,0,259,86.33333333
3,3,0,261,87
3,5,0,363,72.6
3,5,0,358,71.6
3,5,0,361,72.2
3,5,0,358,71.6
3,5,0,351,70.2
3,7,0,397,56.71428571
3,7,0,394,56.28571429
3,7,0,413,59
3,7,0,388,55.42857143
3,9,0,411,45.66666667
3,7,0,159,22.71428571
3,9,0,400,44.44444444
3,9,0,408,45.33333333
3,11,0,419,38.09090909
3,9,0,395,43.88888889
3,9,0,396,44
3,11,0,393,35.72727273
3,11,0,407,37
3,13,0,418,32.15384615
3,11,0,424,38.54545455
3,11,0,404,36.72727273
3,13,0,386,29.69230769
3,13,0,349,26.84615385
3,13,0,403,31
3,13,0,366,28.15384615
3,1,3,82,82
3,1,3,80,80
3,1,3,81,81
3,1,3,77,77
3,1,3,75,75
3,3,3,206,68.66666667
3,3,3,199,66.33333333
3,3,3,203,67.66666667
3,3,3,206,68.66666667
3,3,3,199,66.33333333
3,5,3,266,53.2
3,5,3,277,55.4
3,5,3,289,57.8
3,5,3,271,54.2
3,5,3,280,56
3,7,3,329,47
3,7,3,318,45.42857143
3,7,3,300,42.85714286
3,7,3,214,30.57142857
3,7,3,293,41.85714286
3,9,3,331,36.77777778
3,9,3,333,37
3,9,3,335,37.22222222
3,9,3,329,36.55555556
3,9,3,311,34.55555556
3,11,3,345,31.36363636
3,11,3,351,31.90909091
3,11,3,343,31.18181818
3,13,3,357,27.46153846
3,11,3,334,30.36363636
3,11,3,336,30.54545455
3,13,3,325,25
3,13,3,331,25.46153846
3,13,3,320,24.61538462
3,13,3,332,25.53846154
3,1,6,66,66
3,1,6,58,58
3,1,6,67,67
3,1,6,69,69
3,1,6,67,67
3,3,6,167,55.66666667
3,3,6,157,52.33333333
3,3,6,165,55
3,3,6,151,50.33333333
3,3,6,161,53.66666667
3,5,6,221,44.2
3,5,6,206,41.2
3,5,6,215,43
3,5,6,222,44.4
3,5,6,208,41.6
3,7,6,264,37.71428571
3,7,6,247,35.28571429
3,7,6,250,35.71428571
3,7,6,275,39.28571429
3,7,6,260,37.14285714
3,9,6,281,31.22222222
3,9,6,273,30.33333333
3,9,6,289,32.11111111
3,9,6,268,29.77777778
3,9,6,260,28.88888889
3,11,6,278,25.27272727
3,11,6,255,23.18181818
3,11,6,269,24.45454545
3,11,6,280,25.45454545
3,11,6,267,24.27272727
3,13,6,284,21.84615385
3,13,6,187,14.38461538
3,13,6,278,21.38461538
3,13,6,294,22.61538462
3,13,6,284,21.84615385
3,1,9,55,55
3,1,9,56,56
3,1,9,51,51
3,1,9,49,49
3,1,9,55,55
3,3,9,135,45
3,3,9,129,43
3,3,9,131,43.66666667
3,3,9,132,44
3,3,9,127,42.33333333
3,5,9,173,34.6
3,5,9,189,37.8
3,5,9,179,35.8
3,5,9,170,34
3,5,9,174,34.8
3,7,9,214,30.57142857
3,7,9,206,29.42857143
3,7,9,199,28.42857143
3,7,9,204,29.14285714
3,7,9,207,29.57142857
3,9,9,243,27
3,9,9,220,24.44444444
3,9,9,208,23.11111111
3,9,9,230,25.55555556
3,9,9,215,23.88888889
3,11,9,240,21.81818182
3,11,9,222,20.18181818
3,11,9,252,22.90909091
3,11,9,244,22.18181818
3,11,9,228,20.72727273
3,13,9,244,18.76923077
3,13,9,231,17.76923077
3,13,9,229,17.61538462
3,13,9,221,17
3,13,9,42,3.230769231
3,1,12,39,39
3,1,12,40,40
3,1,12,44,44
3,1,12,43,43
3,1,12,48,48
3,3,12,100,33.33333333
3,3,12,110,36.66666667
3,3,12,114,38
3,3,12,98,32.66666667
3,3,12,109,36.33333333
3,5,12,133,26.6
3,5,12,134,26.8
3,5,12,148,29.6
3,5,12,152,30.4
3,5,12,139,27.8
3,7,12,172,24.57142857
3,7,12,142,20.28571429
3,7,12,183,26.14285714
3,7,12,175,25
3,7,12,157,22.42857143
3,9,12,206,22.88888889
3,9,12,183,20.33333333
3,9,12,168,18.66666667
3,9,12,182,20.22222222
3,9,12,170,18.88888889
3,11,12,189,17.18181818
3,11,12,172,15.63636364
3,11,12,205,18.63636364
3,11,12,189,17.18181818
3,11,12,185,16.81818182
3,13,12,187,14.38461538
3,13,12,181,13.92307692
3,13,12,211,16.23076923
3,13,12,80,6.153846154
3,13,12,102,7.846153846
3,1,15,33,33
3,1,15,38,38
3,1,15,40,40
3,1,15,39,39
3,1,15,34,34
3,3,15,74,24.66666667
3,3,15,86,28.66666667
3,3,15,82,27.33333333
3,3,15,83,27.66666667
3,3,15,85,28.33333333
3,5,15,124,24.8
3,5,15,119,23.8
3,5,15,113,22.6
3,5,15,120,24
3,5,15,108,21.6
3,7,15,138,19.71428571
3,7,15,131,18.71428571
3,7,15,142,20.28571429
3,7,15,134,19.14285714
3,7,15,132,18.85714286
3,9,15,147,16.33333333
3,9,15,147,16.33333333
3,9,15,154,17.11111111
3,9,15,157,17.44444444
3,9,15,144,16
3,11,15,153,13.90909091
3,11,15,150,13.63636364
3,11,15,155,14.09090909
3,11,15,156,14.18181818
3,11,15,148,13.45454545
3,13,15,159,12.23076923
3,13,15,154,11.84615385
3,13,15,158,12.15384615
3,13,15,149,11.46153846
3,13,15,40,3.076923077
3,1,0,97,97
3,1,0,95,95
3,1,0,95,95
3,1,0,94,94
3,1,0,97,97
3,1,0,95,95
3,1,0,95,95
3,1,0,93,93
3,3,0,262,87.33333333
3,3,0,256,85.33333333
3,3,0,253,84.33333333
3,3,0,251,83.66666667
3,3,0,261,87
3,3,0,262,87.33333333
3,3,0,251,83.66666667
3,3,0,264,88
3,5,0,364,72.8
3,5,0,352,70.4
3,5,0,349,69.8
3,5,0,349,69.8
3,5,0,362,72.4
3,5,0,343,68.6
3,5,0,358,71.6
3,5,0,357,71.4
3,7,0,389,55.57142857
3,7,0,385,55
3,7,0,379,54.14285714
3,7,0,379,54.14285714
3,7,0,375,53.57142857
3,7,0,403,57.57142857
3,7,0,369,52.71428571
3,7,0,382,54.57142857
3,9,0,420,46.66666667
3,9,0,411,45.66666667
3,9,0,278,30.88888889
3,9,0,406,45.11111111
3,9,0,415,46.11111111
3,9,0,397,44.11111111
3,11,0,407,37
3,9,0,382,42.44444444
3,11,0,422,38.36363636
3,9,0,153,17
3,11,0,421,38.27272727
3,11,0,406,36.90909091
3,11,0,395,35.90909091
3,11,0,406,36.90909091
3,11,0,402,36.54545455
3,13,0,409,31.46153846
3,13,0,395,30.38461538
3,13,0,400,30.76923077
3,13,0,405,31.15384615
3,13,0,415,31.92307692
3,13,0,411,31.61538462
3,13,0,344,26.46153846
3,13,0,307,23.61538462
3,11,0,121,11
3,1,3,78,78
3,1,3,79,79
3,1,3,77,77
3,1,3,79,79
3,1,3,78,78
3,1,3,73,73
3,1,3,74,74
3,1,3,74,74
3,3,3,201,67
3,3,3,199,66.33333333
3,3,3,196,65.33333333
3,3,3,212,70.66666667
3,3,3,198,66
3,3,3,201,67
3,3,3,203,67.66666667
3,3,3,199,66.33333333
3,5,3,283,56.6
3,5,3,289,57.8
3,5,3,276,55.2
3,5,3,280,56
3,5,3,281,56.2
3,5,3,287,57.4
3,5,3,276,55.2
3,5,3,299,59.8
3,7,3,321,45.85714286
3,7,3,316,45.14285714
3,7,3,301,43
3,7,3,325,46.42857143
3,7,3,315,45
3,7,3,311,44.42857143
3,7,3,312,44.57142857
3,7,3,315,45
3,9,3,330,36.66666667
3,9,3,331,36.77777778
3,9,3,329,36.55555556
3,9,3,331,36.77777778
3,9,3,330,36.66666667
3,9,3,339,37.66666667
3,9,3,323,35.88888889
3,9,3,336,37.33333333
3,11,3,282,25.63636364
3,11,3,330,30
3,11,3,345,31.36363636
3,11,3,346,31.45454545
3,11,3,320,29.09090909
3,11,3,341,31
3,11,3,327,29.72727273
3,11,3,331,30.09090909
3,13,3,354,27.23076923
3,13,3,347,26.69230769
3,13,3,332,25.53846154
3,13,3,357,27.46153846
3,13,3,340,26.15384615
3,13,3,345,26.53846154
3,13,3,272,20.92307692
3,13,3,336,25.84615385
3,1,6,62,62
3,1,6,64,64
3,1,6,64,64
3,1,6,61,61
3,1,6,68,68
3,1,6,62,62
3,1,6,60,60
3,1,6,61,61
3,3,6,161,53.66666667
3,3,6,169,56.33333333
3,3,6,164,54.66666667
3,3,6,171,57
3,3,6,162,54
3,3,6,157,52.33333333
3,3,6,162,54
3,3,6,163,54.33333333
3,5,6,220,44
3,5,6,216,43.2
3,5,6,213,42.6
3,5,6,222,44.4
3,5,6,220,44
3,5,6,176,35.2
3,5,6,226,45.2
3,5,6,218,43.6
3,7,6,269,38.42857143
3,7,6,241,34.42857143
3,7,6,250,35.71428571
3,7,6,257,36.71428571
3,7,6,241,34.42857143
3,7,6,200,28.57142857
3,7,6,254,36.28571429
3,7,6,255,36.42857143
3,9,6,282,31.33333333
3,9,6,275,30.55555556
3,9,6,278,30.88888889
3,9,6,271,30.11111111
3,9,6,259,28.77777778
3,9,6,265,29.44444444
3,9,6,266,29.55555556
3,9,6,260,28.88888889
3,11,6,275,25
3,11,6,297,27
3,11,6,281,25.54545455
3,11,6,278,25.27272727
3,11,6,275,25
3,11,6,277,25.18181818
3,11,6,258,23.45454545
3,11,6,281,25.54545455
3,13,6,282,21.69230769
3,13,6,277,21.30769231
3,13,6,261,20.07692308
3,13,6,230,17.69230769
3,13,6,286,22
3,13,6,303,23.30769231
3,13,6,299,23
3,13,6,259,19.92307692
3,1,9,54,54
3,1,9,51,51
3,1,9,55,55
3,1,9,49,49
3,1,9,48,48
3,1,9,52,52
3,1,9,58,58
3,1,9,58,58
3,3,9,129,43
3,3,9,131,43.66666667
3,3,9,133,44.33333333
3,3,9,137,45.66666667
3,3,9,147,49
3,3,9,128,42.66666667
3,3,9,133,44.33333333
3,3,9,136,45.33333333
3,5,9,176,35.2
3,5,9,173,34.6
3,5,9,171,34.2
3,5,9,186,37.2
3,5,9,172,34.4
3,5,9,175,35
3,5,9,175,35
3,5,9,174,34.8
3,7,9,219,31.28571429
3,7,9,212,30.28571429
3,7,9,215,30.71428571
3,7,9,206,29.42857143
3,7,9,202,28.85714286
3,7,9,212,30.28571429
3,7,9,211,30.14285714
3,7,9,225,32.14285714
3,9,9,203,22.55555556
3,9,9,220,24.44444444
3,9,9,218,24.22222222
3,9,9,220,24.44444444
3,9,9,21,2.333333333
3,9,9,228,25.33333333
3,9,9,67,7.444444444
3,9,9,243,27
3,11,9,230,20.90909091
3,11,9,235,21.36363636
3,11,9,263,23.90909091
3,11,9,214,19.45454545
3,11,9,25,2.272727273
3,11,9,235,21.36363636
3,11,9,235,21.36363636
3,11,9,225,20.45454545
3,13,9,230,17.69230769
3,13,9,238,18.30769231
3,13,9,220,16.92307692
3,13,9,245,18.84615385
3,13,9,200,15.38461538
3,13,9,234,18
3,13,9,222,17.07692308
3,13,9,241,18.53846154
3,1,12,43,43
3,1,12,41,41
3,1,12,45,45
3,1,12,38,38
3,1,12,44,44
3,1,12,48,48
3,1,12,41,41
3,1,12,45,45
3,3,12,113,37.66666667
3,3,12,119,39.66666667
3,3,12,105,35
3,3,12,110,36.66666667
3,3,12,102,34
3,3,12,104,34.66666667
3,3,12,113,37.66666667
3,3,12,102,34
3,5,12,145,29
3,5,12,146,29.2
3,5,12,156,31.2
3,5,12,146,29.2
3,5,12,153,30.6
3,5,12,142,28.4
3,5,12,145,29
3,5,12,144,28.8
3,7,12,170,24.28571429
3,7,12,176,25.14285714
3,7,12,180,25.71428571
3,7,12,174,24.85714286
3,7,12,162,23.14285714
3,7,12,169,24.14285714
3,7,12,179,25.57142857
3,7,12,176,25.14285714
3,9,12,206,22.88888889
3,9,12,176,19.55555556
3,9,12,189,21
3,9,12,181,20.11111111
3,9,12,183,20.33333333
3,9,12,179,19.88888889
3,9,12,198,22
3,9,12,44,4.888888889
3,11,12,197,17.90909091
3,11,12,207,18.81818182
3,11,12,194,17.63636364
3,11,12,202,18.36363636
3,11,12,187,17
3,11,12,188,17.09090909
3,11,12,190,17.27272727
3,11,12,189,17.18181818
3,13,12,93,7.153846154
3,13,12,172,13.23076923
3,13,12,197,15.15384615
3,13,12,186,14.30769231
3,13,12,204,15.69230769
3,13,12,192,14.76923077
3,13,12,175,13.46153846
3,13,12,193,14.84615385
3,1,15,31,31
3,1,15,37,37
3,1,15,36,36
3,1,15,33,33
3,1,15,32,32
3,1,15,40,40
3,1,15,32,32
3,1,15,31,31
3,3,15,79,26.33333333
3,3,15,84,28
3,3,15,86,28.66666667
3,3,15,82,27.33333333
3,3,15,85,28.33333333
3,3,15,93,31
3,3,15,83,27.66666667
3,3,15,84,28
3,5,15,105,21
3,5,15,107,21.4
3,5,15,117,23.4
3,5,15,122,24.4
3,5,15,118,23.6
3,5,15,107,21.4
3,5,15,122,24.4
3,5,15,125,25
3,7,15,139,19.85714286
3,7,15,129,18.42857143
3,7,15,130,18.57142857
3,7,15,127,18.14285714
3,7,15,144,20.57142857
3,7,15,137,19.57142857
3,7,15,148,21.14285714
3,7,15,139,19.85714286
3,9,15,141,15.66666667
3,9,15,144,16
3,9,15,157,17.44444444
3,9,15,142,15.77777778
3,9,15,158,17.55555556
3,9,15,157,17.44444444
3,9,15,138,15.33333333
3,9,15,135,15
3,11,15,143,13
3,11,15,162,14.72727273
3,11,15,154,14
3,11,15,160,14.54545455
3,11,15,145,13.18181818
3,11,15,148,13.45454545
3,11,15,155,14.09090909
3,11,15,31,2.818181818
3,13,15,154,11.84615385
3,13,15,150,11.53846154
3,13,15,166,12.76923077
3,13,15,153,11.76923077
3,13,15,169,13
3,13,15,165,12.69230769
3,13,15,35,2.692307692
3,13,15,153,11.76923077
3,1,0,96,96
3,1,3,79,79
3,1,6,60,60
3,1,9,51,51
3,1,12,46,46
3,1,15,39,39
3,3,0,258,86
3,3,3,209,69.66666667
3,3,6,155,51.66666667
3,3,9,140,46.66666667
3,3,12,95,31.66666667
3,3,15,80,26.66666667
3,5,0,345,69
3,5,3,294,58.8
3,5,6,222,44.4
3,5,9,200,40
3,5,12,150,30
3,5,15,117,23.4
3,7,0,382,54.57142857
3,7,3,304,43.42857143
3,7,6,235,33.57142857
3,7,9,189,27
3,7,12,165,23.57142857
3,7,15,141,20.14285714
3,9,0,415,46.11111111
3,9,6,273,30.33333333
3,9,3,319,35.44444444
3,9,9,224,24.88888889
3,9,12,202,22.44444444
3,9,15,143,15.88888889
3,11,0,388,35.27272727
3,11,3,347,31.54545455
3,11,6,279,25.36363636
3,11,9,160,14.54545455
3,11,12,195,17.72727273
3,11,15,152,13.81818182
3,1,0,94,94
3,1,3,79,79
3,1,6,65,65
3,1,9,50,50
3,13,0,385,29.61538462
3,1,12,43,43
3,1,15,38,38
3,3,0,266,88.66666667
3,3,3,202,67.33333333
3,3,6,162,54
3,3,9,135,45
3,3,12,103,34.33333333
3,3,15,88,29.33333333
3,13,6,266,20.46153846
3,13,3,148,11.38461538
3,5,0,346,69.2
3,13,12,198,15.23076923
3,5,3,277,55.4
3,5,6,213,42.6
3,5,9,189,37.8
3,5,12,140,28
3,5,15,116,23.2
3,13,15,164,12.61538462
3,7,0,411,58.71428571
3,13,9,67,5.153846154
3,7,3,314,44.85714286
3,7,6,267,38.14285714
3,7,9,193,27.57142857
3,7,12,176,25.14285714
3,7,15,134,19.14285714
3,9,0,407,45.22222222
3,9,3,338,37.55555556
3,9,6,255,28.33333333
3,9,9,219,24.33333333
3,9,12,193,21.44444444
3,9,15,141,15.66666667
3,11,0,382,34.72727273
3,11,3,322,29.27272727
3,11,6,285,25.90909091
3,11,9,216,19.63636364
3,11,15,155,14.09090909
3,11,12,192,17.45454545
3,1,0,95,95
3,1,3,76,76
3,1,6,59,59
3,1,9,54,54
3,1,12,45,45
3,1,15,31,31
3,3,0,250,83.33333333
3,3,3,209,69.66666667
3,3,6,161,53.66666667
3,3,9,132,44
3,13,0,212,16.30769231
3,3,12,104,34.66666667
3,3,15,79,26.33333333
3,13,6,286,22
3,5,0,355,71
3,13,9,244,18.76923077
3,5,3,266,53.2
3,5,6,233,46.6
3,5,9,195,39
3,13,12,194,14.92307692
3,13,3,54,4.153846154
3,5,12,152,30.4
3,5,15,121,24.2
3,7,0,391,55.85714286
3,13,15,64,4.923076923
3,7,3,304,43.42857143
3,7,9,217,31
3,7,6,260,37.14285714
3,7,12,182,26
3,7,15,143,20.42857143
3,9,0,396,44
3,9,3,332,36.88888889
3,9,9,227,25.22222222
3,9,6,182,20.22222222
3,9,12,170,18.88888889
3,9,15,156,17.33333333
3,11,0,421,38.27272727
3,11,3,340,30.90909091
3,11,6,292,26.54545455
3,11,9,231,21
3,11,12,175,15.90909091
3,13,0,399,30.69230769
3,1,0,96,96
3,1,3,75,75
3,1,6,67,67
3,1,9,50,50
3,11,15,150,13.63636364
3,1,12,40,40
3,1,15,33,33
3,3,0,260,86.66666667
3,3,3,205,68.33333333
3,3,6,162,54
3,3,9,135,45
3,13,6,312,24
3,3,12,107,35.66666667
3,3,15,88,29.33333333
3,13,9,218,16.76923077
3,5,0,360,72
3,5,3,279,55.8
3,5,6,216,43.2
3,13,3,91,7
3,13,12,206,15.84615385
3,5,9,171,34.2
3,5,12,142,28.4
3,5,15,126,25.2
3,13,15,128,9.846153846
3,7,0,392,56
3,7,6,265,37.85714286
3,7,3,324,46.28571429
3,7,9,211,30.14285714
3,7,12,177,25.28571429
3,7,15,147,21
3,9,0,390,43.33333333
3,9,3,337,37.44444444
3,9,6,276,30.66666667
3,9,9,228,25.33333333
3,9,12,188,20.88888889
3,9,15,136,15.11111111
3,11,0,415,37.72727273
3,11,3,343,31.18181818
3,11,6,294,26.72727273
3,11,9,220,20
3,11,12,191,17.36363636
3,11,15,164,14.90909091
3,1,0,96,96
3,1,3,82,82
3,1,6,61,61
3,1,9,50,50
3,13,0,403,31
3,1,12,40,40
3,1,15,38,38
3,13,3,350,26.92307692
3,3,0,255,85
3,3,3,203,67.66666667
3,3,6,162,54
3,3,9,134,44.66666667
3,3,12,105,35
3,13,6,313,24.07692308
3,3,15,78,26
3,13,9,247,19
3,5,0,356,71.2
3,5,3,286,57.2
3,13,12,187,14.38461538
3,5,6,210,42
3,5,9,173,34.6
3,5,12,144,28.8
3,5,15,121,24.2
3,13,15,144,11.07692308
3,7,0,381,54.42857143
3,7,3,320,45.71428571
3,7,6,251,35.85714286
3,7,9,205,29.28571429
3,7,12,177,25.28571429
3,7,15,136,19.42857143
3,9,0,392,43.55555556
3,9,3,342,38
3,9,6,274,30.44444444
3,9,9,225,25
3,9,12,180,20
3,9,15,154,17.11111111
3,11,0,406,36.90909091
3,11,3,343,31.18181818
3,11,6,287,26.09090909
3,11,9,223,20.27272727
3,11,12,48,4.363636364
3,13,0,409,31.46153846
3,11,15,160,14.54545455
3,13,3,340,26.15384615
3,13,6,282,21.69230769
3,13,9,91,7
3,13,12,182,14
3,13,15,158,12.15384615
